{
  "num_attention_heads": [
    2,
    8
  ],
  "max_relative_position": [
    3,
    8
  ],
  "dropout": [
    0.1399910432584187,
    0.2135621890579601
  ],
  "crf_weight": [
    0.3,
    0.6720588170719514
  ],
  "focal_weight": [
    0.14664332125050158,
    0.3558120245477575
  ],
  "dice_weight": [
    0.17619748932244633,
    0.4645387939010251
  ],
  "alpha": [
    0.1,
    0.48160131877281437
  ],
  "gamma": [
    1.1573059367332477,
    1.938357175561366
  ],
  "person_weight": [
    4.661495714621888,
    7.539739079558651
  ],
  "b_weight": [
    2.463985878800882,
    3.984128152763269
  ],
  "i_end_weight": [
    1.0553201007982098,
    3.293825979327658
  ],
  "context_weight": [
    0.5395888544325207,
    1.987681283463688
  ],
  "confidence_threshold": [
    0.5217471796719279,
    0.9
  ],
  "learning_rate": [
    5e-06,
    4.223535076464624e-05
  ],
  "weight_decay": [
    0.009476239861453309,
    0.019456331513034334
  ],
  "warmup_ratio": [
    0.02,
    0.14411239029746414
  ]
}