{
  "best_params": {
    "num_train_epochs": 7,
    "per_device_train_batch_size": 16,
    "weight_decay": 0.22976110618571266,
    "learning_rate": 1.404906728620804e-05,
    "person_weight": 6.989492708453743
  },
  "best_f1_score": 0.8393687624132711,
  "base_model": "c:\\Users\\Administrator\\Desktop\\NER-proper-names\\models\\version-14-roberta-base",
  "timestamp": "20250509-141951",
  "n_trials": 16
}