{"eval_loss": 0.4238651394844055, "eval_person_f1": 0.8197002141327623, "eval_entity_f1": 0.6598501070663811, "eval_token_accuracy": 0.9859059645957831, "eval_runtime": 33.4108, "eval_samples_per_second": 44.866, "eval_steps_per_second": 5.627, "epoch": 14.985120574653669}