{
  "validation": {
    "eval_loss": 0.011778363026678562,
    "eval_accuracy": 0.9973630909160393,
    "eval_token_precision": 0.9973630909160393,
    "eval_token_recall": 0.9973630909160393,
    "eval_token_f1": 0.9973630909160393,
    "eval_person_precision": 0.9976156413924654,
    "eval_person_recall": 0.9707656612529002,
    "eval_person_token_f1": 0.9840075258701787,
    "eval_b_person_f1": 0.9858490566037735,
    "eval_i_person_f1": 0.9832214765100671,
    "eval_title_f1": 0.9841269841269841,
    "eval_entity_precision": 0.30513595166163143,
    "eval_entity_recall": 0.30104321907600595,
    "eval_person_entity_f1": 0.30307576894223553,
    "eval_runtime": 20.6658,
    "eval_samples_per_second": 72.535,
    "eval_steps_per_second": 4.549,
    "epoch": 10.0
  },
  "test": {
    "eval_loss": 0.009511852636933327,
    "eval_accuracy": 0.9978922456828014,
    "eval_token_precision": 0.9978922456828014,
    "eval_token_recall": 0.9978922456828014,
    "eval_token_f1": 0.9978922456828014,
    "eval_person_precision": 0.9934810951760105,
    "eval_person_recall": 0.983225806451613,
    "eval_person_token_f1": 0.9883268482490273,
    "eval_b_person_f1": 0.9864382583868665,
    "eval_i_person_f1": 0.9891472868217054,
    "eval_title_f1": 0.925,
    "eval_entity_precision": 0.3071718538565629,
    "eval_entity_recall": 0.30800542740841247,
    "eval_person_entity_f1": 0.3075880758807588,
    "eval_runtime": 20.7188,
    "eval_samples_per_second": 72.35,
    "eval_steps_per_second": 4.537,
    "epoch": 10.0
  }
}