{
  "eval_person_f1": 0.9933833259814733,
  "eval_loss": 0.01497468538582325,
  "eval_accuracy": 0.996889718297343,
  "eval_token_precision": 0.996889718297343,
  "eval_token_recall": 0.996889718297343,
  "eval_token_f1": 0.996889718297343,
  "eval_person_precision": 0.9925077126487439,
  "eval_person_recall": 0.9942604856512142,
  "eval_b_person_f1": 0.9904901243599122,
  "eval_i_person_f1": 0.9946321439848437,
  "eval_title_f1": 0.8440366972477065,
  "eval_entity_precision": 0.19789473684210526,
  "eval_entity_recall": 0.19929328621908127,
  "eval_runtime": 1.8952,
  "eval_samples_per_second": 463.272,
  "eval_steps_per_second": 29.02,
  "epoch": 10.0
}