{
  "model_name": "roberta-finetuned-ner",
  "timestamp": "20250430-191356",
  "classification_report": "              precision    recall  f1-score   support\n\n           O     0.9992    0.9993    0.9993     48662\n    B-PERSON     0.9911    0.9918    0.9914      1343\n    I-PERSON     0.9936    0.9911    0.9923      3137\n       TITLE     0.9855    1.0000    0.9927        68\n\n    accuracy                         0.9987     53210\n   macro avg     0.9924    0.9956    0.9939     53210\nweighted avg     0.9987    0.9987    0.9987     53210\n",
  "entity_metrics": {
    "precision": 0.9858156028368794,
    "recall": 0.9872159090909091,
    "f1": 0.986515259048971
  },
  "error_analysis": {
    "error_types": {
      "I-PERSON \u2192 O": 27,
      "O \u2192 I-PERSON": 20,
      "O \u2192 B-PERSON": 11,
      "B-PERSON \u2192 O": 11,
      "I-PERSON \u2192 B-PERSON": 1
    },
    "partial_matches": 6,
    "missed_entities": 11
  },
  "confidence_stats": {
    "mean_confidence_correct": 