{
  "model_name": "roberta-finetuned-ner",
  "timestamp": "20250430-200922",
  "classification_report": "              precision    recall  f1-score   support\n\n           O     0.9985    0.9993    0.9989     24681\n    B-PERSON     0.9886    0.9843    0.9864       702\n    I-PERSON     0.9956    0.9827    0.9891      1623\n       TITLE     0.8605    1.0000    0.9250        37\n\n    accuracy                         0.9979     27043\n   macro avg     0.9608    0.9916    0.9749     27043\nweighted avg     0.9979    0.9979    0.9979     27043\n",
  "entity_metrics": {
    "precision": 0.9769959404600812,
    "recall": 0.9796472184531886,
    "f1": 0.978319783197832
  },
  "error_analysis": {
    "error_types": {
      "I-PERSON \u2192 O": 27,
      "B-PERSON \u2192 O": 9,
      "O \u2192 B-PERSON": 7,
      "O \u2192 I-PERSON": 6,
      "B-PERSON \u2192 I-PERSON": 1,
      "I-PERSON \u2192 B-PERSON": 1,
      "B-PERSON \u2192 TITLE": 1
    },
    "partial_matches": 4,
    "missed_entities": 10
  },
  "confidence_stats": {
    "mean_confidence_correct": 0.9994226694107056,
    "mean_confidence_incorrect": 0.9093692898750305
  }
}